name,Cement,population
MA.10_1,0.05756391276342598,10000
MA.11_1,0.03481624758220503,98227
MA.12_1,0.09011401960113298,937261
MA.13_1,0.06553712786115505,5776
MA.14_1,0.14336223280025429,43566
MA.15_1,0.0,33456
MA.1_1,0.22937994751404267,33256
MA.2_1,0.040961173705266696,96651
MA.3_1,0.07782510493909922,7261
MA.4_1,0.0,29772
MA.5_1,0.12288164594762092,8673626
MA.6_1,0.0,20475
MA.7_1,0.0,10000
MA.8_1,0.061781165998325484,200
MA.9_1,0.07577742128747172,3576
